{"cameraMode":{"drawMode":0,"name":"Shaded","section":"Shading Mode"},"sceneLighting":false,"audioPlay":false,"sceneViewState":{"m_AlwaysRefresh":false,"showFog":true,"showSkybox":true,"showFlares":true,"showImageEffects":true,"showParticleSystems":true,"showVisualEffectGraphs":true,"m_FxEnabled":true},"in2DMode":false,"pivot":{"x":6.218947887420654,"y":4.426836013793945,"z":-4.2935614585876469},"rotation":{"x":0.3899472951889038,"y":0.03121134638786316,"z":-0.013223300687968731,"w":0.9202372431755066},"size":0.7217704057693481,"orthographic":false}