{"cameraMode":{"drawMode":0,"name":"Shaded","section":"Shading Mode"},"sceneLighting":false,"audioPlay":false,"sceneViewState":{"m_AlwaysRefresh":false,"showFog":true,"showSkybox":true,"showFlares":true,"showImageEffects":true,"showParticleSystems":true,"showVisualEffectGraphs":true,"m_FxEnabled":true},"in2DMode":false,"pivot":{"x":2.534632444381714,"y":2.0701727867126467,"z":-3.232788562774658},"rotation":{"x":-0.3566797971725464,"y":0.021576348692178727,"z":-0.008237361907958985,"w":-0.933950662612915},"size":0.38080236315727236,"orthographic":false}