{"cameraMode":{"drawMode":2,"name":"Shaded Wireframe","section":"Shading Mode"},"sceneLighting":true,"audioPlay":false,"sceneViewState":{"m_AlwaysRefresh":false,"showFog":true,"showSkybox":true,"showFlares":true,"showImageEffects":true,"showParticleSystems":true,"showVisualEffectGraphs":true,"m_FxEnabled":true},"in2DMode":false,"pivot":{"x":-6.389477729797363,"y":-28.12221336364746,"z":49.146018981933597},"rotation":{"x":0.24084587395191194,"y":-0.021255914121866227,"z":0.0053165024146437649,"w":0.9702925682067871},"size":31.542348861694337,"orthographic":false}